video_id,trending_date,title,channel_title,category_id,publish_time,tags,views,likes,dislikes,comment_count,thumbnail_link,comments_disabled,ratings_disabled,video_error_or_removed,description
kzwfHumJyYc,17.14.11,Sharry Mann: Cute Munda ( Song Teaser) | Parmish Verma | Releasing on 17 November,Lokdhun Punjabi,CID25,2017-11-12T12:20:39.000Z,"sharry mann|""sharry mann new song""|""sharry mann cute munda""|""sharry mann latest song""|""sharry mann punjabi song 2017""|""parmish verma""|""parmish verma new song""|""parmish verma sharry mann""|""parmish verma sharry mann new song""|""parmish verma cute munda""|""new punjabi song 2017""|""punjabi song 2017""|""parmish verma new song 2017""|""parmish verma latest song 2017""|""punjabi songs 2017""",1096327,33966,798,882,https://i.ytimg.com/vi/kzwfHumJyYc/default.jpg,FALSE,FALSE,FALSE,"Presenting Sharry Mann latest Punjabi Song  Cute Munda Teaser . The music of new punjabi song is given by Gift Rulers while lyrics are penned by Zaildar Pargat Singh. The video is directed by Parmish Verma. \nEnjoy and stay connected with us!! \n\nSong : Cute Munda\nSinger : Sharry Mann\nStarring : Sharry Mann, Rumman & Parmish Verma\nMusic : Gift Rulers\nLyrics : Zaildar Pargat Singh\nConcept, Screenplay & Direction : Parmish Verma\nOnline Promotions : Gold Media\nCopyright: Lokdhun\n\nFull Song Releasing on 17th November\n\n\nFor more new Punjabi songs, latest Punjabi videos, funny Punjabi comedy scenes and new Punjabi movies, subscribe our channel - http://goo.gl/NnoXVB\n\n\nLike us on Facebook - https://www.facebook.com/LokdhunPunjabiOfficial/\nFollow us on Twitter - https://twitter.com/lokdhunpunjabi\nFollow us on Instagram - https://www.instagram.com/lokdhunpunjabi\nVisit us on https://www.lokdhun.com"
zUZ1z7FwLc8,17.14.11,"‡§™‡•Ä‡§∞‡§ø‡§Ø‡§°‡•ç‡§∏ ‡§ï‡•á ‡§∏‡§Æ‡§Ø, ‡§™‡•á‡§ü ‡§™‡§∞ ‡§™‡§§‡§ø ‡§ï‡§∞‡§§‡§æ ‡§ê‡§∏‡§æ, ‡§¶‡•á‡§ñ‡§ï‡§∞ ‡§¶‡§Ç‡§ó ‡§∞‡§π ‡§ú‡§æ‡§Ø‡•á‡§Ç‡§ó‡•á",HJ NEWS,CID25,2017-11-13T05:43:56.000Z,"‡§™‡•Ä‡§∞‡§ø‡§Ø‡§°‡•ç‡§∏ ‡§ï‡•á ‡§∏‡§Æ‡§Ø|""‡§™‡•á‡§ü ‡§™‡§∞ ‡§™‡§§‡§ø ‡§ï‡§∞‡§§‡§æ ‡§ê‡§∏‡§æ""|""‡§¶‡•á‡§ñ‡§ï‡§∞ ‡§¶‡§Ç‡§ó ‡§∞‡§π ‡§ú‡§æ‡§Ø‡•á‡§Ç‡§ó‡•á""|""latest news""|""today news""|""news""|""breaking news""|""current news""|""world news""|""hj news updates""|""bollywood updates""|""news channel in hindi""|""entertainment news""|""merrage""|""love""|""break up""|""perideus time""|""pragenent girl""|""baby born""",590101,735,904,0,https://i.ytimg.com/vi/zUZ1z7FwLc8/default.jpg,TRUE,FALSE,FALSE,"‡§™‡•Ä‡§∞‡§ø‡§Ø‡§°‡•ç‡§∏ ‡§ï‡•á ‡§∏‡§Æ‡§Ø, ‡§™‡•á‡§ü ‡§™‡§∞ ‡§™‡§§‡§ø ‡§ï‡§∞‡§§‡§æ ‡§ê‡§∏‡§æ, ‡§¶‡•á‡§ñ‡§ï‡§∞ ‡§¶‡§Ç‡§ó ‡§∞‡§π ‡§ú‡§æ‡§Ø‡•á‡§Ç‡§ó‡•á \n\nWatch this video :- https://youtu.be/zUZ1z7FwLc8\n\nHere is the secret of the death of PCS wife Namrata on February 16, 2017, still persisted after 9 months. In the case, the relatives of the deceased had accused the in-laws of torture against dowry, after which the police sent the accused husband and mother-in-law and sent them to jail.\n\nThe mother of the deceased Kiran said, Humility was my little daughter, she was preparing to become an IAS. Then there was a relation of dedication from a matrimonial website. We were watching the relationship for our eldest daughter, I liked the humility. \n- We did not want that little sister's marriage to be a big one before, but humility itself was refusing marriage, but Mother of Divine took it to the center. Dipartan was PCS, so we also agreed for marriage. . ''\nDeepa's mother Anuradha had said that humility could continue her studies even after marriage. On this condition she was ready for marriage, both of them were married on June 10, 2015.\n- Cajun Sister Chitra said, The sister was emotionally attached to the lamp, there were many things that she used to share with me, but Deep used to torture her for dowry.\n- During the periods, the lamp beat him on the stomach and back. Sister came home and asked me to massage the stomach and back. She used to tell that Deep struck a lot, massage it. \n- I had advised sister to take the Divorce, but she did not want to break the relationship.\n\nSubscribe Us for Latest News & Updates ‚ñ∫ https://goo.gl/K8pjDQ\n\nStay Connected with Us :\n\nFollow Us On Facebook ‚ñ∫ https://goo.gl/GEkOqP\n\nFollow Us On Twitter ‚ñ∫  https://twitter.com/hjnews4u\n\nFollow Us On Google plus ‚ñ∫  https://goo.gl/LZglUF\n\nHJ NEWS !!\n\nHJ NEWS outbreaks the conventional news reading and brings to you the real face of every information at one click! Latest news from India and the world, politics and nation, entertainment, sports and science. Witness the panoramic vision of the state on every aspect you can think of! \nIt is easy for every person to watch the news in form of video rather than reading every sentance..\n\nSo, Friends Please Watch , Like , Share & Subscribe HJ NEWS"
10L1hZ9qa58,17.14.11,Stylish Star Allu Arjun @ ChaySam Wedding Reception | TFPC,TFPC,CID24,2017-11-12T15:48:08.000Z,"Stylish Star Allu Arjun @ ChaySam Wedding Reception|""Stylish Star Allu Arjun""|""ChaySam Wedding Reception""|""nagachaitanya""|""samantha""|""chaysam""|""chay sam""|""naga chaitanya and samantha wedding reception""|""wedding reception""|""nagarjuna""|""akkineni wedding reception""|""tfpc""|""telugu cinema""|""celebrities @ chaysam wedding reception""",473988,2011,243,149,https://i.ytimg.com/vi/10L1hZ9qa58/default.jpg,FALSE,FALSE,FALSE,"Watch Stylish Star Allu Arjun @ ChaySam Wedding Reception \n\n‚òõ For latest news https://www.tfpc.in,  https://goo.gl/pQjhVq\n‚òõ Follow Us on https://twitter.com/tfpcin\n‚òõ Like Us on https://www.facebook.com/tfpcin\n‚òõ Follow us on https://instagram.com/tfpcin/\n\n‚ñ∫ Latest Telugu Cinema Celebrities Interview https://goo.gl/08Kpy2 \n\n‚ñ∫ Latest Comedy Scenes https://goo.gl/SNtjdj\n\n‚ñ∫ Latest Telugu Cinema Making Videos https://goo.gl/42X3cD\n\n‚ñ∫ Latest Trailer  https://goo.gl/ugX9oT"
N1vE8iiEg64,17.14.11,Eruma Saani | Tamil vs English,Eruma Saani,CID23,2017-11-12T07:08:48.000Z,"Eruma Saani|""Tamil Comedy Videos""|""Films""|""Movies""|""Harija""|""Short""|""Film""|""Eruma Sani""|""Eruma Saani Videos""|""Eruma Saani Short Film""|""Eruma Saani Comedy""|""Eruma Saani Harija""|""Eruma Saani Tamil vs English""|""Tamil vs English""|""Tamil""|""English""|""Hindi""|""TTV Dinakaran""|""Sasikala""|""Sasikala income tax raid""",1242680,70353,1624,2684,https://i.ytimg.com/vi/N1vE8iiEg64/default.jpg,FALSE,FALSE,FALSE,This video showcases the difference between people who speak in English and Tamil in a very funny way.\nSubscribe to our YouTube Channel\nCatch our updates on our social media pages:\nwww.fb.com/ErumaShit\nwww.twitter.com/Eruma_Saani\nwww.instagram.com/ErumaSaani
kJzGH0PVQHQ,17.14.11,why Samantha became EMOTIONAL @ Samantha naga chaithanya marriage Reception | Filmylooks,Filmylooks,CID24,2017-11-13T01:14:16.000Z,"Filmylooks|""latest news""|""telugu movies""|""telugu news""|""Tollywood news""|""why Samantha became EMOTIONAL @ Samantha naga chaithanya marriage Reception""|""why Samantha became EMOTIONAL""|""samantha emotional moment""|""ChaySam Wedding Reception video""|""Naga Chaitanya and Samantha Wedding Reception LIVE""|""samantha ruth prabhu""",464015,492,293,66,https://i.ytimg.com/vi/kJzGH0PVQHQ/default.jpg,FALSE,FALSE,FALSE,why Samantha became EMOTIONAL @ Samantha naga chaithanya marriage Reception | Filmylooks #samantha #Nagachaithanya \n\nFilmy Looks is the celebrated hub of our Tollywood Industry. Its All about Movies. Get latest videos on your favourite Tollywood celebrities and catch them on all the events around you. \n\nSubscribe and stay connected to view Updates on TELUGU CINEMA......\n\nEnjoy & Have Fun!\n#Filmylooks\n\nSubscribe Filmylookslive on youtube  :  https://goo.gl/AUM3Ue\nLike Filmylooks on fb  : fb.com/filmylooks\nFollow Filmylooks on twitter  : twitter.com/filmylooks\nFollow Filmylooks on Google + : https://goo.gl/bgnTgy\n\nWatch Latest Telugu Trailers Here : https://www.youtube.com/watch?v=C6W53j8ijZo&list=PLrl_iHW-uUsl5jnQg-KbcTtc9YXDbXWCk
il_pSa5l98w,17.14.11,"MCA (Middle Class Abbayi) TEASER - Nani,Sai Pallavi, Dil Raju, Devi Sri Prasad, Sriram Venu",Dil Raju,CID24,2017-11-10T04:29:50.000Z,"Nenu Local|""Nenu Local Telugu Movie""|""Nani""|""Sai Pallavi""|""Dil Raju""|""Devi Sri Prasad""|""Telugu Latest Movies""|""Telugu Full Movies""|""Telugu Comedy Movies""|""Nani Trailer""|""Nani Movies""|""MCA MOVIE""|""Middle Class Abbayi""|""MCA""|""MCA - Middle class abbayi""|""Fidaa""|""Nani MCA""|""MCA Trailer""|""MCA Teaser""|""MCA First Look""|""Nani MCA Teaser""|""Nani MCA Trailer""",6106669,98612,4185,4763,https://i.ytimg.com/vi/il_pSa5l98w/default.jpg,FALSE,FALSE,FALSE,"Watch MCA- Middle Class Abbayi First Look Teaser starring Nani, Sai Pallav Produced by Dil Raju, Shirish, Laxman & Directed by Sriram Venu.\n\n \nFilm Name : MCA - Middle Class Abbayi\nCast: Nani, Sai Pallavi, Bhumika\nBanner : Sri Venkateswara Creations\nProducer : Raju, Shirish, Laxman\nDirector : Sriram Venu\nMusic Director : Devi Sri Prasad\nDOP : Sameer Reddy\nEditor : Prawin Pudi\nArt : Ramanjaneyulu\nDigital Media : Nani\nPRO : Vamsi Kaka"
7MxiQ4v0EnE,17.14.11,Daang ( Full Video ) | Mankirt Aulakh | Sukh Sanghera | Latest Punjabi Song 2017 | Speed Records,Speed Records,CID10,2017-11-11T16:41:15.000Z,"punjabi songs|""punjabi bhangra""|""punjabi music""|""punjabi bhangra music""|""punjabi latest songs""|""punjabi romantic songs""|""punjabi sad songs""|""punjabi""|""bhangra""|""latest punjabi songs 2017""|""punjab""|""desi""|""speed records""|""mankirt new song""|""daang""|""sukh sanghera""|""deep kahlon""|""mankirt aulakh""",5718766,127477,7134,8063,https://i.ytimg.com/vi/7MxiQ4v0EnE/default.jpg,FALSE,FALSE,FALSE,Song - Daang\nSinger - Mankirt Aulakh\nFacebook - https://www.facebook.com/mankirtaulakh\nInstagram - https://www.instagram.com/mankirtaulakh\nSnapchat - Mankirtaulakh\nMusic - MixSingh \nLyrics - Deep Kahlon\nSpecial Thanks - Sanjeev Sharma\nProject By - Gurpreet Khetla\nVideo - Sukh Sanghera\nOnline Promotion - Gold Media\nLabel - Speed Records \n\nItunes - http://abc.digital/dng1\nApple Music - http://abc.digital/dng2\nHungam - http://bit.ly/2jmDowU\nSaavn - http://bit.ly/2zF50S5\nGaana - http://bit.ly/2AyGxNF\n\nLike || Share || Spread || Love \n  \nEnjoy & stay connected with us!\n‚ñ∫ Subscribe to Speed Records : http://bit.ly/SpeedRecords\n‚ñ∫ Like us on Facebook: https://www.facebook.com/SpeedRecords\n‚ñ∫ Follow us on Twitter: https://twitter.com/Speed_Records\n‚ñ∫ Follow us on Instagram: https://instagram.com/Speed_Records\n‚ñ∫ Follow on Snapchat : https://www.snapchat.com/add/speedrecords\n  \nVirasat Facebook Link - https://m.facebook.com/Virasat-152196...\nOops TV Facebook Link - https://m.facebook.com/oopstvfun/\n\nFoodies -\nInstagram - http://instagram.com/speedfoodies\nFacebook - http://bit.ly/2yvcBB9\nSnapchat - https://www.snapchat.com/add/officialfoodies\n\nPoon Poon - \nSnapchat- https://www.snapchat.com/add/poonpoon0001\nYoutube-  youtube.com/channel/UC82dRFIxmjA293G7tYunPWQ\nFacebook - https://www.facebook.com/officialpoonpoon\nInstagram - https://instagram.com/poonpoonofficial
c64I9HNpiOY,17.14.11,Padmavati : Ek Dil Ek Jaan Video Song | Deepika Padukone | Shahid Kapoor | Sanjay Leela Bhansali,T-Series,CID10,2017-11-11T06:14:19.000Z,"Ek Dil Ek Jaan Video Song|""'Ek Dil Ek Jaan'""|""Ek Dil Ek Jaan Video""|""Padmavati""|""Padmavati songs""|""Padmavati movie song""|""deepika padukone""|""ranveer singh""|""ghoomar""|""padmavati song""|""Deepika Padukone""|""Shahid Kapoor""|""Sanjay Leela Bhansali""|""Padmavati Deepika Padukone""|""Ghoomar""|""Ghoomar Deepika Padukone""|""Padmavati Songs""|""new hindi songs""|""hindi songs""|""shahid kapoor""|""sanjay leela bhansali""|""indian songs""|""padmavati songs""|""love song""|""love song 2017""|""do dil ek jaan""",10588371,132738,8812,10847,https://i.ytimg.com/vi/c64I9HNpiOY/default.jpg,FALSE,FALSE,FALSE,"Presenting the song 'Ek Dil Ek Jaan' from Padmavati in the voice of Shivam Pathak, Music by Sanjay Leela Bhansali and Lyrics by A M Turaz.  \n\nPadmavati starring Ranveer Singh, Deepika Padukone, Shahid Kapoor, Aditi Rao Hydari and Jim Sarbh. Directed by Sanjay Leela Bhansali and Produced by Viacom18 Motion Pictures and Bhansali Productions, is slated to release on 1st December 2017.\n\n‚ô™ Available on ‚ô™\niTunes : http://bit.ly/Ek-Dil-Ek-Jaan-iTunes\nHungama : http://bit.ly/Ek-Dil-Ek-Jaan-Hungama\nSaavn : http://bit.ly/Ek-Dil-Ek-Jaan-Saavn\nGaana : http://bit.ly/Ek-Dil-Ek-Jaan-Gaana\nApple Music : http://bit.ly/Ek-Dil-Ek-Jaan-Apple-Music\nGoogle Play : http://bit.ly/Ek-Dil-Ek-Jaan-Google-Play\n\nSong Credits :\n‚ô™Song: Ek Dil Ek Jaan\n‚ô™Singer: Shivam Pathak\n‚ô™Music: Sanjay Leela Bhansali\n‚ô™Lyrics:  A M Turaz\n‚ô™Music Label: T-Series\n‚ô™Song Produced: Sanchit Balhara,\n‚ô™Qawwali Singers: Mujtaba Aziz Naza, Kunal Pandit, Farhan Sabri\n‚ô™Songs Recorded, Mixed & Mastered: Tanay Gajjar at Flutter Studio.\n‚ô™Assisted: Rupak Thakur\n___\nEnjoy & stay connected with us!\n‚ñ∫ Subscribe to T-Series: http://bit.ly/TSeriesYouTube\n‚ñ∫ Like us on Facebook: https://www.facebook.com/tseriesmusic\n‚ñ∫ Follow us on Twitter: https://twitter.com/tseries\n‚ñ∫ Follow us on Instagram: http://bit.ly/InstagramTseries"
KObFEYCaRx8,17.14.11,"Chiranjeevi in Naga Chaitanya - Samantha Reception | Chaitanya, Samantha Akkineni, Nag, Venkatesh",Top Telugu Media,CID24,2017-11-13T04:42:26.000Z,"Chiranjeevi in Naga Chaitanya - Samantha Reception | Chaitanya|""Samantha Akkineni""|""Nag""|""Venkatesh""|""Megastar Chiranjeevi""|""Megastar Chiranjeevi @ #ChaySam Wedding Reception""|""Chiranjeevi @ #ChaySam Wedding Reception""|""Naga Chaitanya - Samantha Akkineni Reception LIVE""|""Naga Chaitanya""|""Samantha""|""Naga Chaitanya Samantha""|""Nagarjuna""|""#ChaiSam""|""Reception LIVE""|""Akkineni Reception""|""chiranjeevi rama charan""|""naga chaitanya samantha wedding reception""|""Akkineni family""|""Daggubati family""|""reception""",118223,520,53,23,https://i.ytimg.com/vi/KObFEYCaRx8/default.jpg,FALSE,FALSE,FALSE,"Chiranjeevi in Naga Chaitanya - Samantha Reception | Chaitanya, Samantha Akkineni, Nag, Venkatesh\n\nAll you need to do is hit the subscribe button and stay tuned to our Non-stop \nFun/Entertainment Youtube channel.\nFollow With Additional Information Subscribe us : https://www.youtube.com/channel/UC1rYf86znQKQXzc059txcTg/featured\nAnd Follow Us At :\nFacebook : https://www.facebook.com/toptelugumedia\nTwitter : https://www.twitter.com/toptelugumedia\nGoogle+ : https://plus.google.com/u/0/+TopTeluguMedia"
g8QsfJhFpjY,17.14.11,New bike vs Old bike - the reality,Jump Cuts,CID24,2017-11-12T04:30:01.000Z,"Jump cuts|""Jumpcuts""|""Tamil comedy""|""Tamil Comedy Videos""|""new bike vs old bike""|""jumpcuts reality""|""the reality""|""bike scenario jumpcuts""|""jumpcuts bike story""|""hari baskar videos""|""hari baskar jumpcuts""|""hari baskar bike video""|""tamil viral videos""|""viral videos""|""trending videos""|""jumpcuts trending videos""|""swathi videos""|""kaghs""|""jumpcuts old vs new""|""jumpcuts tamil comedy""|""jumpcuts youtube channel""|""hot story jumpcuts""|""hot scenario""",969030,59798,1545,2404,https://i.ytimg.com/vi/g8QsfJhFpjY/default.jpg,FALSE,FALSE,FALSE,"Jump Cuts is a Tamil entertaining group by Hari and Naresh. We love telling our stories that we have came across in our life, friends, neighborhood and bring it to you in our own way through the jump cut editing ‚úÇÔ∏è\n\nSpecial effects and Edit - Jegan Chakkravarthy\n\n\n\n\n\n\n\n\n\n\n\n\n\n\n\n\nFollow us on Facebook : https://www.facebook.com/jumpcutz/\n\nFollow us on Instagram : jump_cuts\n\nFollow us on Twitter : @jumpcuts7\n\nThank you keep supporting\nJ U M P C U T S"
4du1KXBl4YU,17.14.11,Mehjabi Reveals Hina Khan Dirty Politics | Exclusive Interview | Bigg Boss  11,TellyMasala,CID24,2017-11-12T17:30:00.000Z,"Hina khan|""Hina khan bigg boss""|""Bigg boss 11""|""Big boss""|""Bigg boss""|""Bigg boss 11 eviction""|""Bb 11""|""Bigg boss season 11""|""Bigg boss 11 full episode""|""Tellymasala""|""Telly masala""|""Telly masala latest interview""|""Telly masala bigg boss""|""Mehjabi""|""siddiqui""|""mahjabi siddiqui interview""|""mehjabi reveals""|""hina khan bigg boss 11""|""bigg boss 11""|""telly masala""|""tellymasala bigg boss""|""telly masala latest interview""|""bigg boss full episode""",632747,4330,2183,2869,https://i.ytimg.com/vi/4du1KXBl4YU/default.jpg,FALSE,FALSE,FALSE,Mehjabi Siddiqui reveals Hina Khan Dirty Politics in Bigg Boss 11 house exclusively on TellyMasala.
zOOmEDwPJX0,17.14.11,Jannat (Full Song) Aatish - Latest Punjabi Song 2017 - New Punjabi Songs 2017 - WHM,White Hill Music,CID10,2017-11-11T12:02:09.000Z,"Aatish new punjabi song 2017|""latest punjabi songs 2017 Aatish""|""new punjabi songs 2017 Jannat""|""latest punjabi song 2017 Jannat""|""new songs 2017 Aatish""|""latest song 2017 Aatish""|""Aatish""|""punjabi songs 2017 Aatish""|""punjabi music videos Aatish""|""Jannat punjabi song 2017""|""new punjabi songs""|""latest punjabi songs""|""new songs""|""latest songs""|""songs 2017""|""punjabi""|""Aatish songs""|""Jannat by Aatish""|""punjabi song""|""whte hill""|""aatish taare""|""romantic songs punjabi""",2348107,32834,710,1743,https://i.ytimg.com/vi/zOOmEDwPJX0/default.jpg,FALSE,FALSE,FALSE,"A WHITE HILL MUSIC Presentation\nProduced by : Gunbir Singh Sidhu and Manmord Sidhu\nPresentation : Umesh Karmawala\n\nSong : Jannat \nSinger : Aatish\nLyrics : Nirmaan\nMusic : Goldboy\nHOD (Music) : Tej Gobind Singh\nHOD (Production) : Vikram Kohli\nHOD (Content & Creative) : Raj Tiwana\nVideo : Tru Makers\nDop : Gagan Randhawa \nDirector : Dilsher Singh & Kushal Singh\nMix & Master : Sameer (Mumbai)\nYouTube Promotions By - KixTix Media P Ltd\nStill & Making : WaheguruFilms (Gagandeep Singh & Satveer Singh)\nFacebook Promotions : Soul Media\n\niTunes : https://itunes.apple.com/album/jannat-single/1306695740?app=itunes&ign-itsct=1306695740-1306695740&ign-itscg=0176&ign-mpt=uo%3D4\nGaana : https://gaana.com/album/jannat-punjabi\nSaavn : https://www.saavn.com/s/album/punjabi/Jannat-2017/nb-mZ5tbnD8_\nSpotify : https://open.spotify.com/album/6Glz05g3yywf60rajFigTh\nAmazon : https://www.amazon.com/Jannat-Aatish/dp/B0774KF445/ref=sr_1_1?s=dmusic&ie=UTF8&qid=1510303291&sr=1-1-mp3-albums-bar-strip-0&keywords=jannat+by+aatish\nJio : http://share.media.jio.com/MTA0NF8xMDQzNzY0XzFec29uZ15jMjl1YVdGemRXUm9hWEoyWVdkeVpXTm9ZUzB4TVE9PQ==\n\nOperator Codes :- Airtel Subscribers Direct Dial¬†to 5432116407148¬†Set as Hello tune \nhttps://www.airtelhellotunes.in/single/index/vcode/009164000007148\nVodafone Subscribers for Caller Tune Direct Dial 5379913374\nIdea Subscribers for Dialer Tone Direct Dial 567899913374\nAircel Subscribers SMS DT SPACE 6896405 to 53000\nBSNL North Subscribers SMS BT SPACE 6896405 to 56700\nBSNL South Subscribers SMS BT SPACE  9913374to 56700\n\n\nPublished Year : 2017\nCopyright : White Hill Music & Entertainment Private Limited\nF-545,1st Floor,Phase -8A Industrial Area,Mohali - 160059\n\nDigitally Powered By : One Digital Entertainment\n\nSubscribe us on :-\nYouTube : http://bit.ly/WhiteHillProduction\nFacebook : https://www.facebook.com/whitehillproduction & \nhttps://www.facebook.com/whitehillmusic\nTwitter : https://twitter.com/whitehillproduc\nInstagram : https://www.instagram.com/whitehillmusic/\nWebsite : https://www.whitehillproduction.com"
Prb_osSVE0M,17.14.11,Renu Desai Gives Rating For Pawan kalyan As Husband | Open Heart With RK | ABN Telugu,ABN Telugu,CID25,2017-11-13T09:51:59.000Z,"Resnu desai|""actress renu desai""|""pawan kalyan wife renu desai""|""pawan kalyan ex-wife renu desai""|""ABN renu desai interview""|""renu desai open heart with RK""|""renu desai rates pawan kalyan""|""renu desai rates 10 for pawan""|""renu desai rates pawan kalyan as husband""|""renu desai interview""|""RK interview with renu desai""|""renu desai interview with RK""|""ABN""|""ABN Telugu""|""ABN News""|""ABN andhrajyothy""|""ABN andhrajyothi""|""renu desai open heart""|""renu commentson pawa kalayna""|""renu desai interivew""",156085,716,53,0,https://i.ytimg.com/vi/Prb_osSVE0M/default.jpg,TRUE,FALSE,FALSE,"Renu Desai gives a low rating for Pawan Kalyan as a husband but gives 10/10 rating as an individual human being. She states that by giving reason a person has different aspects of every relationship. \n\nFor more latest hot and happening news subscribe @ https://www.youtube.com/user/ABNtelugutv?sub_confirmation=1 \n\nFollow us @\nhttps://facebook.com/abntelugutv,\nhttps://twitter.com/abntelugutv,\nhttp://www.abnandhrajyothy.com/\nhttps://play.google.com/store/apps/details?id=com.abn.jyothy&hl=en\nhttps://itunes.apple.com/in/app/abn-andhrajyothy/id582664798?mt=8\nhttps://plus.google.com/+abntelugutv\nhttps://dailymotion.com/abntelugutv\n\nWatch ABN Andhrajyothy, the no 1 Telugu news channel, a 24/7 LIVE news channel dedicated to live reports, exclusive interviews, breaking news, sports, weather, entertainment, business updates and current affairs."
KHxdrECEsD0,17.14.11,Peehu Srivastav Performs On Daiya Yeh Main kahan Aa Phasi | The Voice India Kids | Episode 1,The Voice India Kids,CID24,2017-11-11T19:19:13.000Z,"the voice of india|""TVOI""|""the voice of india kids""|""audition""|""singers""|""singing talent""|""kids voice""|""kids singing""|""kids talent""|""Talpa media""|""AndTV""|""&TV""",472413,2611,250,174,https://i.ytimg.com/vi/KHxdrECEsD0/default.jpg,FALSE,FALSE,FALSE,"Peehu Srivastav grabs the attention of the judges with her outstanding performance as she sings the number 'Daiya Yeh Main kahan Aa Phasi'.\n\nWatch full episodes of The Voice India Kids on http://www.thevoicekidsindia.com/\n\n\n&TV presents the biggest platform for kids to showcase their vocal talent to the nation! The channel is all set to redefine weekends with the most dynamic singing reality show Patanjali Herbal Powervita presents The Voice India Kids powered by Surf Excel, starting July 23, every Saturday and Sunday at 9.00 pm. Taking on the mantle of mentoring this battalion of aspiring young singers are ace music composer-singer Shekhar Ravjiani; the most charming and effervescent singer Shaan and the versatile singer and performer Neeti Mohan. It will be interesting to watch these little wonders, however little in size, make heads turn with the power of their Voice! Popular actor Jay Bhanushali and singer-comedian Sugandha Mishra will be seen as hosts of the show. From the house of Talpa Media and produced by Endemol Shine India, the kids format will see participants from across the country in the age group of 6 - 14 years serenade one and all throughout Blinds, Battles and LIVE. 'The Voice' is the purest form of singing reality show where the contestants are chosen solely on the basis of their voice and not appearance."
so0ccfs-psI,17.14.11,Rowi Na | Nadha Virender | Official Music Video | Latest Punjabi Songs 2017 | VS Records,VS RECORDS,CID10,2017-11-12T10:29:59.000Z,"rowi na|""nadha virender""|""prabh grewal""|""latest punjabi songs 2017""|""new punjabi songs 2017""|""best punjabi songs 2017""|""brand new punjabi songs""|""punjabi songs""|""punjabi""|""songs""|""new""|""latest""|""rowi""|""na""|""nadha""|""birender""|""parmish verma""|""parmish""|""punjabi sad songs""|""punjabi love songs""|""punjabi romantic songs""|""new punjabi sad song""|""sad song""|""best sad songs""|""best song of the week""",836006,24460,180,594,https://i.ytimg.com/vi/so0ccfs-psI/default.jpg,FALSE,FALSE,FALSE,"VS Records & Vikas Sethi Presents ‚ÄúROWI NA‚Äù (Don‚Äôt Cry) in the voice of Nadha Virender \n\n\nSong - Rowi Na\nSinger / Lyrics - Nadha Virender\nStarring - Nadha Virender, Prabh Grewal, Ashmaya Yadav\nProducer - JR Sethi & Amit Sethi\nCo Producer - Jaspreet Sethi\nProject By - Iswar Kamboj & Vikas Sethi\nMusic - Freak Singh\nSpcl Thanks - Harry Mirok, Jaspal Nadha, Sarv Nadha, Manoj Nadha\nConceived By - Jobanjit Singh & Ramneek Singh\nOnline Promotion - Digital Kings 9877999994\nFacebook Promotions- Royal Media Entertainment\nGround PR- Iconic Media\nEditor - Gagan Sharma\nVideo  - Tedda Banda & Twins Brothers\n\nLabel - VS Records (+91 9988107777)\n\nDOWNLOAD / LISTEN FULL AUDIO FROM \n\niTunes - https://goo.gl/kbmiut\nRaunka - https://goo.gl/uw1P94\nHungama- https://goo.gl/2CXZ9V\nAmazon - https://goo.gl/c8X6Vm \nSaavn- https://goo.gl/GTiBRt \n\n1. Tere Karke \nCALLER TUNE CODES\nVodafone subscribers Dial -5379912397\nAirtel subscribers Dial-5432116406253\nIdea subscribers Dial -567899912397\nReliance subscribers sms CT - 9912397 to 51234\nAircel subscribers sms DT - 6898515 to 53000\nTata Docomo subscribers sms SET - 9912397 to 543211\nBSNL (North/West) subscribers sms BT- 6898515 to 56700\n\n2. Gal Jitho Shuru\nCALLER TUNE CODES\nVodafone subscribers Dial -5379912405\nAirtel subscribers Dial- 5432116406237\nIdea subscribers Dial -567899912405\nReliance subscribers sms CT - 9912405 to 51234\nAircel subscribers sms DT - 6898513 to 53000\nTata Docomo subscribers sms SET - 9912405 to 543211\nBSNL (North/West) subscribers sms BT- 6898513 to 56700\n\n3. Rowi Na\nCALLER TUNE CODES\nVodafone subscribers Dial -5379912420\nAirtel subscribers Dial- 5432116406215\nIdea subscribers Dial -567899912420\nReliance subscribers sms CT - 9912420 to 51234\nAircel subscribers sms DT - 6898514 to 53000\nTata Docomo subscribers sms SET - 9912420 to 543211\nBSNL (North/West) subscribers sms BT- 6898514 to 56700\n\n4. Tu Rowi Na\nCALLER TUNE CODES\nVodafone subscribers Dial -5379912445\nAirtel subscribers Dial- 5432116406252\nIdea subscribers Dial -567899912445\nReliance subscribers sms CT - 9912445 to 51234\nAircel subscribers sms DT - 6898516 to 53000\nTata Docomo subscribers sms SET - 9912445 to 543211\nBSNL (North/West) subscribers sms BT- 6898516 to 56700\n\nSubscribe Us For More VIdeos - http://bit.ly/VsRecords\n\nDigital Partner - Bull18 [http://www.bull18.com]"
7gShaSuK_PY,17.14.11,‡Æú‡ØÜ‡ÆØ‡Æ≤‡Æ≤‡Æø‡Æ§‡Ææ‡Æµ‡Æø‡Æ©‡Øç ‡Æâ‡ÆØ‡Æø‡Æ≤‡Øç ‡Æö‡Æø‡Æï‡Øç‡Æï‡Æø‡ÆØ‡Æ§‡ØÅ  ‡ÆÖ‡Æ™‡Øç‡Æ™‡Æ≤‡Øç‡Æ≤‡Øã ‡Æö‡Æø.‡Æü‡Æø.‡ÆØ‡Øà ‡Æ§‡Øá‡Æü‡Æø‡ÆØ  ‡ÆÖ‡Æ§‡Æø‡Æï‡Ææ‡Æ∞‡Æø‡Æï‡Æ≥‡Øç - ‡Æö‡Øã‡Æ§‡Æ©‡Øà‡ÆØ‡Æø‡Æ©‡Øç ‡Æ™‡Æø‡Æ©‡Øç‡Æ©‡Æ£‡Æø,Next Gen,CID22,2017-11-13T06:52:47.000Z,"nextgen|""sasikala""|""sasikala natarajan""|""aiadmk""|""tamil nadu""|""jayalalithaa""|""jayalalitha""|""tamil news""|""apollo hospital""|""sasikala pushpa""|""it raid""|""sasikala family""|""income tax raid""|""latest tamil news""|""latest news""|""politics""|""tamil news today""|""ops""|""tamilnadu""|""admk""|""youtube""|""news in tamil""|""tamil nadu cm""|""tamil""|""vivek""|""vivek jayaram""|""jayalalitha uyil""|""apollo cd it raid""",89531,238,59,18,https://i.ytimg.com/vi/7gShaSuK_PY/default.jpg,FALSE,FALSE,FALSE,‡Æú‡ØÜ‡ÆØ‡Æ≤‡Æ≤‡Æø‡Æ§‡Ææ‡Æµ‡Æø‡Æ©‡Øç ‡Æâ‡ÆØ‡Æø‡Æ≤‡Øç ‡Æö‡Æø‡Æï‡Øç‡Æï‡Æø‡ÆØ‡Æ§‡ØÅ \n‡ÆÖ‡Æ™‡Øç‡Æ™‡Æ≤‡Øç‡Æ≤‡Øã ‡Æö‡Æø.‡Æü‡Æø.‡ÆØ‡Øà ‡Æ§‡Øá‡Æü‡Æø‡ÆØ\n ‡ÆÖ‡Æ§‡Æø‡Æï‡Ææ‡Æ∞‡Æø‡Æï‡Æ≥‡Øç - ‡Æö‡Øã‡Æ§‡Æ©‡Øà‡ÆØ‡Æø‡Æ©‡Øç ‡Æ™‡Æø‡Æ©‡Øç‡Æ©‡Æ£‡Æø\n\nTo Subscribe to Our Channel Click the Link Below:\nwww.youtube.com/nextgenvideos
ep3SLMuRbvg,17.14.11,TYPES OF STUDENTS- | Elvish Yadav |,Elvish yadav,CID23,2017-11-13T11:26:02.000Z,"TYPES OF STUDENTS ELVISH YADAV|""elvish yadav""|""elvish yadav new video""|""elvish yadav latest video""|""elvish yadav vines""|""elvish yadav videos""|""students video""|""types of students in a class""|""omprakash new song""|""sot lagani hai""|""elvis yadav vines""",344545,25717,417,2870,https://i.ytimg.com/vi/ep3SLMuRbvg/default.jpg,FALSE,FALSE,FALSE,"This video shows different types of students present in a class \nIf you enjoyed the video then do like,comment and share this video. \nFollow me on\n \n Instagram- http://instagram.com/elvish_yadav\n \n Facebook- http://Facebook.com/theindianviner"
ePO5M5DE01I,17.14.11,Tiger Zinda Hai | Official Trailer | Salman Khan | Katrina Kaif,YRF,CID1,2017-11-07T06:01:50.000Z,"Tiger Zinda Hai Trailer|""Tiger Zinda Hai Official Trailer""|""Tiger Zinda Hai Teaser""|""Tiger Trailer""|""Trailer of Tiger Zinda Hai""|""Salman Khan Song""|""Salman Khan Movie Trailer""|""Bollywood Trailer""|""Hindi Trailer""|""Salman Khan Tiger Zinda Hai Trailer""|""Trailer 2017""|""Most Viewed Trailer""|""Official Trailer 2017""|""Salman Katrina Movie""|""Salman Khan Trailer 2017""|""2017 Bollywood Trailer""|""Official Trailer Tiger Zinda Hai""|""Latest Movie Trailer""|""Salman Khan""|""Katrina Kaif""|""Vishal and Shekhar""|""YRF""",35885754,829362,61195,101117,https://i.ytimg.com/vi/ePO5M5DE01I/default.jpg,FALSE,FALSE,FALSE,"Stay updated! üîî Subscribe Now: https://goo.gl/xs3mrY\nLoved the trailer? Listen to the Trailer Soundtrack: https://youtu.be/hdLfztAhxHQ\n\nA sequel to the record-breaking blockbuster Ek Tha Tiger, Tiger Zinda Hai continues the story of two super spies Tiger and Zoya eight years later. Shot across various international locations with sleek production values, this mega espionage drama promises thrills, romance and tons of entertainment. Click to share it on Fb: http://bit.ly/TigerZindaHaiOfficialTrailer\n\nStay in the filmy loop:\n‚ñ∫ Like us on Facebook: https://www.facebook.com/TigerZindaHai \n‚ñ∫ Follow us on Twitter: https://twitter.com/TigerZindaHai \n‚ñ∫ Follow us on Instagram: https://www.instagram.com/tigerzindahai\n\nüé¨ Movie Credits:\nStarring: Salman Khan and Katrina Kaif\nDirected by: Ali Abbas Zafar\nProduced by: Aditya Chopra\nMusic: Vishal and Shekhar\nRelease Date: 22 December 2017"
CLl1RbxDRAs,17.14.11,Meri Setting Karwado Prank - Bakchodi ki Hadd - TST comment Trolling,TroubleSeekerTeam,CID23,2017-11-12T13:16:38.000Z,"Prank Call|""Funny Reactions""|""Pranks In India 2017""|""comedy video""|""meri setting karade live""|""Bhai meri bhi setting karwa funny video""|""tst rahul""|""tst rahul prince""|""Pranks in India""|""Prank on Girls""|""girls in love""|""love""|""friendship""|""dost""|""relationship""|""tst latest video""|""pranks""|""pramk on girls""|""funny""|""TroubleSeekerTeam""|""prank on girls""|""best prank on girls""|""best girl pranks""|""girl pranks""|""tst girls prank""|""indian prank""|""language in india""|""indian pranks""|""best indian prank""|""comedy""",209599,14070,448,1105,https://i.ytimg.com/vi/CLl1RbxDRAs/default.jpg,FALSE,FALSE,FALSE,Subscribe karo aur Bell Icon pe click karo \nIntagram :- https://www.instagram.com/troubleseekerteam\nFacebook - https://www.facebook.com/TroubleSeekerteam\nTwitter - https://twitter.com/TroubleSeekers
1ZAPwfrtAFY,17.14.11,The Trump Presidency: Last Week Tonight with John Oliver (HBO),LastWeekTonight,CID24,2017-11-13T07:30:00.000Z,"last week tonight trump presidency|""last week tonight donald trump""|""john oliver trump""|""donald trump""",2418783,97187,6146,12703,https://i.ytimg.com/vi/1ZAPwfrtAFY/default.jpg,FALSE,FALSE,FALSE,"One year after the presidential election, John Oliver discusses what we've learned so far and enlists our catheter cowboy to teach Donald Trump what he hasn't.\n\nConnect with Last Week Tonight online...\n\nSubscribe to the Last Week Tonight YouTube channel for more almost news as it almost happens: www.youtube.com/user/LastWeekTonight\n\nFind Last Week Tonight on Facebook like your mom would: http://Facebook.com/LastWeekTonight\n\nFollow us on Twitter for news about jokes and jokes about news: http://Twitter.com/LastWeekTonight\n\nVisit our official site for all that other stuff at once: http://www.hbo.com/lastweektonight"
ZIHhuwvT7R0,17.14.11,"Asli Fighter (Okka Ammayi Thappa) 2017 NEW Full Hindi Dubbed Movie | Sundeep Kishan, Nithya Menen",RKD Digital,CID24,2017-11-11T19:24:38.000Z,"asli fighter|""asli fighter (okka ammayi thappa) 2017 hindi dubbed""|""okka ammayi thappa full movie hindi dubbed""|""sundeep kishan movies in hindi dubbed""|""ravi kishan south movie in hindi""|""nithya menon movies hindi dubbed""|""nithya menen""|""ravi kishan""|""rahul dev""|""south indian movies dubbed in hindi full movie 2017 new""|""latest hindi dubbed movies 2017""|""new release south indian movies dubbed in hindi 2017""|""latest 2017 south indian movies dubbed in hindi""",2294242,14960,1361,913,https://i.ytimg.com/vi/ZIHhuwvT7R0/default.jpg,FALSE,FALSE,FALSE,"Asli Fighter (Dubbed Version of the Telugu Actioner OKKA AMMAYI THAPPA) is now live on RKD Digital! Do Subscribe to our channel to enjoy more such films regularly! \n\nKrishna Vachan (Sundeep Kishna) is a young guy who is in search of his childhood sweetheart Mango (Nithya Menon). One fine day, he gets stuck in a massive traffic jam on the hi-tech city flyover in Hyderabad. There, he spots Mango and starts flirting with her without knowing that she is the same girl he is looking for.\n\nAmidst all the chaos, he receives a phone call from a dreaded gangster called Anwar (Ravi Kissan) who is behind this huge traffic jam. Anwar's idea was to cause the jam and then threaten the Indian government to release wanted Terrorist Aslam (Rahul Dev). Anwar starts blackmailing Krishna that he will kill his sweet heart if he does not ignite the bomb which has been planted under the flyover.\n\nWhat will Krishna do now ? How will he save all the people stranded on the flyover from this bomb ? That forms the rest of the story.\n\nStar Cast: Sundeep Kishan, Nithya Menen, Ravi Kishan, Rahul Dev\nBanner: RK Duggal Studios\nMusic: Mickey J Meyer\nProducer: Riwaz Duggal\nDirector: Rajashima Tannida \n\nFind us on google plus: https://plus.google.com/1009693596105...\n\nLike and Share your favorite videos on Facebook: https://www.facebook.com/RKDStudios\n\nFollow us on Twitter: https://twitter.com/RKDStudios\n\nSubscribe Now http://www.youtube.com/subscription_c..."
Mqfh8_Uk1eM,17.14.11,Sudigaali Sudheer Performance | Extra Jabardasth | 10th November 2017 | ETV Telugu,ETV Jabardasth,CID22,2017-11-10T20:38:52.000Z,"etv shows|""eenadu television""|""padutha theeyaga""|""super2""|""dhee Jodi""|""jabardasth""|""extra jabardsth""|""etv20""|""etv comedy show""|""extra jabardasth""|""naga babu""|""roja""|""anchor anasuya""|""rashmi""|""dhanraj""|""chandra""|""venu""|""chanti""|""dhana dhan dhanraj""|""comedy short films""|""chamak chandra""|""chalaki chanti""|""raghava""|""rocket raghava""|""roller raghu""|""venu wonders""|""comedy skits in telugu""|""telugu comedy tracks""|""kiraak rp""",1956925,9504,938,956,https://i.ytimg.com/vi/Mqfh8_Uk1eM/default.jpg,FALSE,FALSE,FALSE,"A comedy show, in which comedians like Sudigaali Sudheer, Chammak Chandra and Hyper Aadi perform side|splitting comedy skits. \n‚òõ For latest updates on ETV Channels | http://www.etv.co.in   \n‚òõ Subscribe for more latest Episodes | http://bit.ly/12A56lY \n‚òõ Like us on | http://www.fb.com/etvteluguindia \n‚òõ Follow us on | https://twitter.com/etvteluguindia"
1kuJkA9usqg,17.14.11,"Deivamagal Episode 1387, 13/11/17",VikatanTV,CID24,2017-11-13T15:00:01.000Z,"deivamagal|""deiva magal""|""deiva magal serial""|""VikatanTV""|""deivamagal episode today""|""deivamagal today""|""deivamagal today episode""|""deivamagal episode 1387""|""deivamagal 13 November 2017""|""deiva magal serial 13.11.17""|""deiva magal episode 1387""|""‡Æ§‡ØÜ‡ÆØ‡Øç‡Æµ‡ÆÆ‡Æï‡Æ≥‡Øç""|""devamagal""|""deivamagal episode""|""deviamagal""|""deivamahal""|""devaimagal""|""divamagal""",387221,2159,1214,711,https://i.ytimg.com/vi/1kuJkA9usqg/default.jpg,FALSE,FALSE,FALSE,Deivamagal Episode 1387\nSubscribe: https://goo.gl/eSvMiG  Prev Episode: https://goo.gl/L47PAX   Priyamanaval Episode 863: https://goo.gl/opQayu  Best of Deivamagal: https://goo.gl/oWdXQ2  Best of Moorthy comedy: https://goo.gl/05WSN4  Deivamagal All Episodes: https://goo.gl/Z5L59u  Deivamagal Title Song: https://goo.gl/1kRyA1  Deivamagal Romantic Song: https://goo.gl/Qq6x5B\nChannel: http://www.youtube.com/user/VikatanTV\nFacebook: https://www.facebook.com/deivamagal
0SMKG3SRGzQ,17.14.11,Rana hungama at #ChaySam Wedding Reception || TV9,TV9 Telugu,CID19,2017-11-12T16:08:13.000Z,Rana hungama at #ChaySam Wedding Reception || TV9,176472,588,52,23,https://i.ytimg.com/vi/0SMKG3SRGzQ/default.jpg,FALSE,FALSE,FALSE,"Rana hungama at #ChaySam Wedding Reception || TV9\n\n#ChaiSam Wedding Reception LIVE || Samantha Akkineni, Naga Chaitanya || Nagarjuna, Amala, Akhil\n\n‚ñ∫ Download Tv9 Android App: http://goo.gl/T1ZHNJ\n\n‚ñ∫ Subscribe to Tv9 Telugu Live: https://goo.gl/lAjMru\n‚ñ∫ Circle us on G+: https://plus.google.com/+tv9\n‚ñ∫ Like us on Facebook: https://www.facebook.com/tv9telugu\n‚ñ∫ Follow us on Twitter: https://twitter.com/Tv9Telugu\n‚ñ∫ Pin us on Pinterest: https://www.pinterest.com/Tv9telugu"
